gauss_act_only,gauss_obs+action,gauss_obs_only,none,run,shift_act_only,shift_obs+action,shift_obs_only,uniform_act_only,uniform_obs+action,uniform_obs_only
-49.124074119950336,-51.89179191277587,-51.6888107172168,-47.68778922302321,1,-46.84588190433473,-49.311171076633805,-47.88833553993907,-46.60766737186933,-50.862408304326145,-50.084380307321254
-46.975788452425384,-50.594776996668735,-49.88220745353531,-48.45236859419695,2,-48.5809523722553,-49.0906829612056,-47.74975391118211,-45.74536955158099,-50.83195318976807,-47.99130233562422
-49.163567390154434,-50.985685832937975,-50.97406112399353,-46.67970121063189,3,-47.08987790709306,-47.16531358365752,-50.14035629783674,-51.228513366519444,-48.533700892957036,-49.53378410571234
-48.903654897219255,-52.45326081181014,-53.257666809088754,-47.234160479436405,4,-49.110325226848204,-47.14108647053398,-48.26396326018707,-48.02238769169817,-49.40647323810409,-48.68520681272852
-48.917191072281206,-52.70038350048027,-51.1736261208178,-46.943307604565675,5,-48.73223076264119,-50.299062920827666,-49.02488286817613,-48.65976326034032,-48.82414859645669,-49.31794095987589
