gauss_act_only,gauss_obs+action,gauss_obs_only,none,run,shift_act_only,shift_obs+action,shift_obs_only,uniform_act_only,uniform_obs+action,uniform_obs_only
43.87599363423316,32.83878625060522,32.671727037041386,42.45608414476641,1,47.41638747764587,45.26604301476687,41.59292790523062,40.70794610286995,41.078322332614164,38.21364256484608
45.46384807121014,32.78495609342569,30.953246381771635,45.69183017092865,2,42.39980336039998,43.185843635754416,42.699990450311326,43.703220532468954,38.37676533411493,37.75974051868575
44.52972414380181,29.69597348764593,32.53129904410421,44.231490334357346,3,45.41368441015013,42.87660328122245,44.65873816740854,43.00935292564588,35.806480931488245,36.90788361288056
43.03520349361566,33.08432476250339,30.3835435813432,40.73655424421057,4,42.581522523627264,42.78263324999045,43.70158655957137,42.42866658365713,36.127836256655996,38.60170080755967
44.08760011597264,33.33330351885895,31.95081401195348,44.521384438022004,5,42.80110073658013,40.718288474585336,42.30800661897676,42.33217628874777,39.17975029740682,37.828684173214256
