gauss_act_only,gauss_obs+action,gauss_obs_only,none,run,shift_act_only,shift_obs+action,shift_obs_only,uniform_act_only,uniform_obs+action,uniform_obs_only
70.15200983678602,39.78955525710737,43.69805269275259,73.38445995160227,1,68.16208704104311,65.3643089018002,66.8498503887843,72.94650714629483,64.29669320963231,59.88717300905014
70.4062755965942,39.75075511085344,42.80954780377892,70.24717089323599,2,71.9169584191824,67.69207810438765,67.46670451665682,71.51447173263031,63.73247759702671,66.29366742423939
70.70134020973128,41.154140312287666,42.15134686411607,69.33773054619218,3,73.1670866380347,66.87364078043937,65.18946493828963,71.93359731880287,64.0891421730758,67.33501569535825
71.62167969908333,43.763212579687085,42.856816806249356,73.51742678478482,4,73.98058975828604,65.77993653982647,69.01435224447675,71.08175201385713,61.44724744171938,64.4429193762649
71.63432926031616,39.447306632155495,40.42231082156859,72.66678712935737,5,69.79704112891704,64.36701127262799,64.4025538663301,67.80438188807341,62.63565968085024,63.83135727762492
