gauss_act_only,gauss_obs+action,gauss_obs_only,none,run,shift_act_only,shift_obs+action,shift_obs_only,uniform_act_only,uniform_obs+action,uniform_obs_only
42.75196546266098,40.731035256247914,37.65543739485692,40.547958856840964,1,41.22345169900638,42.47522869056658,40.44992015722076,42.80616034196506,39.37424910652231,38.915881010512805
40.906564229776514,39.67641482226864,44.10590750826616,43.36316855620129,2,41.83451762457194,41.65800210944062,39.753405717156156,42.11199972312388,40.59210120815053,36.965448163822394
43.64158698941076,39.915007141295966,38.44796796149427,42.41591589131611,3,43.054529123744544,43.932042563941565,39.71006667088501,42.23840311824772,41.48040139666635,42.70186807316243
40.23884579250955,39.144934667577964,41.90665953136102,41.68574242413495,4,38.89374148879927,42.33333777109791,42.33282140202734,41.043277425759676,39.22445667650187,40.1693831991328
39.708673081589566,39.63612143778441,39.75047772132093,44.078942941272516,5,41.754039473197686,41.332013860327685,43.160388801571244,39.94721043727311,40.59561698529354,44.35468069319243
