gauss_act_only,gauss_obs+action,gauss_obs_only,none,run,shift_act_only,shift_obs+action,shift_obs_only,uniform_act_only,uniform_obs+action,uniform_obs_only
21.393139674870064,21.207596382337826,22.660031787746252,23.17406060327792,1,21.183146457846096,21.11260915426528,19.847943998065592,22.880466490674998,23.076839162440024,21.603015177440067
23.536073535345803,22.789901809504446,20.06306561361034,22.856725506566498,2,21.934641131721776,22.55353183289533,21.891893223209955,19.082265676290977,21.11040375048404,22.426279332235303
21.10342388766441,23.63444406574095,21.40141851722772,22.826755418368947,3,23.094814328872808,21.67365164520102,21.063467775145874,23.46370148055814,22.847168087022485,20.193363095126873
24.167528517345087,19.162943036011363,23.137276197413776,24.053989077397727,4,22.595522092375365,21.89112845671558,18.9688242150563,22.040249993580947,22.023995139872866,20.251563231056984
21.492031809541412,22.90692289659946,22.622394561081535,21.99212906547779,5,22.64405753232068,20.258003446397023,20.202038005421436,22.64671388642446,25.391815481473895,21.936169559644643
