gauss_act_only,gauss_obs+action,gauss_obs_only,none,run,shift_act_only,shift_obs+action,shift_obs_only,uniform_act_only,uniform_obs+action,uniform_obs_only
61.668436553276045,54.74480292660089,40.837427596167906,71.21001853354085,1,44.71502389940506,66.93415622972874,46.423368320690734,53.911294031897995,58.49725019865047,66.28271518685237
52.88365916913037,59.26579281690114,59.070250131897225,51.106302361034366,2,51.94011718101885,65.2018223934124,52.639413912069784,29.5026293563321,43.86387309645829,52.32965227042461
52.25875038131821,51.22149582788293,48.487304839295604,49.02850231381659,3,60.80759850614273,62.26985330824356,54.40336224742985,48.61711831094817,58.70785323570079,53.783440455447796
46.2632677733271,48.53498168025009,54.25826473388001,44.409404275439094,4,45.98803778847614,63.40635802718318,45.651156139927934,47.42154117889794,45.4735688591599,61.838869840271194
53.7917584022337,45.963390026474464,57.5883648778778,46.28534975119566,5,45.456713226864416,52.35744800040784,49.68654573066149,48.48202040059167,45.5774898903549,42.588964385515084
