episode,run_0,run_1,run_2
100,-0.5861266039300661,-1.3406330122416548,0.2990936531846948
200,-0.5972859291995501,-1.7206942729868546,-7.558463016716397
