episode,agent_0,agent_1,agent_2,agent_3
1000,1.86,1.86,1.86,-8.964412164468062
2000,4.44,4.44,4.44,-6.307178942625047
