episode,mean_reward
1000,-3.3844121644680625
2000,7.012821057374953
